Workbook

Sheet FP
A1: External Inputs (EI) | D1: External Outputs (EO) | G1: External Inquiries (EQ) | J1: Internal Logical Files (ILF) | M1: External Interface Files (EIF)
A2: Input | B2: Count | D2: Output | E2: Count | G2: Inquiry | H2: Count | J2: File | K2: Count | M2: File | N2: Count
A3: New incident ticket from Jira | B3: 1 | D3: Suggested similar incidents | E3: 1 | G3: Search knowledge base | H3: 1 | J3: Incident repository | K3: 1 | M3: Jira/ServiceNow database | N3: 1
A4: User chat query (Slack) | B4: 1 | D4: AI-generated runbook | E4: 1 | G4: View historical incident details | H4: 1 | J4: Runbook database | K4: 1 | M4: Slack platform data | N4: 1
A5: Feedback on AI suggestions | B5: 1 | D5: AI-generated postmortem draft | E5: 1 | G5: View AI performance metrics | H5: 1 | J5: Postmortem records | K5: 1 | M5: LLM API service | N5: 1
A6: Runbook approval/rejection | B6: 1 | D6: Chat assistant response | E6: 1 | J6: User & role data | K6: 1
A7: Postmortem approval | B7: 1 | D7: Metrics dashboard report | E7: 1 | J7: AI usage logs | K7: 1
A8: Admin configuration updates | B8: 1
A9: Total EI | B9: =SUM(B3:B8) -> 6 | D9: Total EO | E9: =SUM(E3:E8) -> 5 | G9: Total EQ | H9: =SUM(H3:H8) -> 3 | J9: Total EI | K9: =SUM(K3:K8) -> 5 | M9: Total EI | N9: =SUM(N3:N8) -> 3
A11: Average | B11: 4 | D11: Average | E11: 5 | G11: Average | H11: 4 | J11: Average | K11: 10 | M11: Average | N11: 7
A12: EI FP | B12: =B9*B11 -> 24 | D12: EO FP | E12: =E9*E11 -> 25 | G12: EQ FP | H12: =H9*H11 -> 12 | J12: EI FP | K12: =K9*K11 -> 50 | M12: EI FP | N12: =N9*N11 -> 21
A15: Unadjusted Function Points (UFP)
A16: Component | B16: FP
A17: EI FP | B17: =B12 -> 24
A18: EO FP | B18: =E12 -> 25
A19: EQ FP | B19: =H12 -> 12
A20: ILF FP | B20: =K12 -> 50
A21: EIF FP | B21: =N12 -> 21
A22: Total UFP | B22: =SUM(B17:B21) -> 132
A24: Value Adjustment Factor (VAF)
A25: GSCs | B25: 14
A26: Moderate Influence | B26: 3
A28: Total Degree of Influence | B28: =B25*B26 -> 42
A30: VAF | B30: =0.65 + (0.01 * B28) -> 1.07
A32: Final Functional Point (FP)
A33: FP | B33: =B22*B30 -> 141.24

Sheet COCOMO
A1: Convert FP to LOC
A2: FP | B2: 141
A3: LOC (Python/Django, 25 LOC/FP) | B3: =25*B2 -> 3525
A4: KLOC | B4: =B3/1000 -> 3.525
A6: Effort Estimation
A7: a | B7: 3
A8: b | B8: 1.12
A9: c | B9: 2.5
A10: d | B10: 0.35
A12: Effort (PM) | B12: =B7 * (B4)^B8 -> 12.300973
A13: Effort (PM) | B13: =ROUND(B12, 1) -> 12.3
A15: Development Time
A16: Time | B16: =B9 * (B13)^B10 -> 6.0173711
A18: Team Size
A19: Team Size | B19: =B12/B16 -> 2.0442437
A21: Language/Framework | B21: Python + Django

Sheet Final Estimation Summary
A1: Final Estimation Summary
A2: Metric | B2: Value
A3: Unadjusted FP | B3: =FP!B22 -> 132
A4: VAF | B4: =FP!B30 -> 1.07
A5: Final FP | B5: =FP!B33 -> 141.24
A6: LOC | B6: =COCOMO!B3 -> 3525
A7: KLOC | B7: =COCOMO!B4 -> 3.525
A8: Effort (PM) | B8: =COCOMO!B13 -> 12.3
A9: Development Time | B9: =COCOMO!B16 -> 6.0173711
A10: Team Size | B10: =COCOMO!B19 -> 2.0442437
